Headdress,Outerwear,Trousers,Footwear
8093.649574257633,14.023680958538055,29.98956936221704,2854.314656036464
6212.497985822089,46.59235034640352,26.585757113452253,7320.240148646101
6061.892603333814,56.839960277402234,30.117600055301146,2800.638320824306
4229.8598719355505,12.674693097823264,40.10295604308972,3007.5076021660852
1225.5116185629663,45.60489738832817,19.031942924382463,3233.1828822574976
3392.9424016570515,69.49520734655194,19.32614792048207,2750.679068482039
6639.737923877144,18.136224636948583,13.731568195071297,2074.3848755156155
3752.5486841233064,71.12258753580684,21.45437994324149,1321.2056651851112
0.2526774523545583,91.7154289972204,17.855891351022862,6583.801533367068
6317.688916242147,61.483207679092146,43.50936986324381,2265.1136970670004
6951.656136089543,13.590836721499533,10.974496704593095,1597.4696474624109
1451.953936157687,58.624988423057644,0.10689838984112576,5796.870362284261
8912.716305117445,63.29201117523442,48.53546719377938,4251.173753818174
3503.3842079977035,6.485211228437116,29.498609050348296,1151.9751852951233
1945.6993444810514,0.9841360788032549,39.483687236244606,2327.9805135571373
3093.0954709782877,86.3099065765143,11.597696442925265,
4054.229635785087,22.425582771211307,5.451367541194207,2776.862114782237
1899.1183576660562,54.75184599195462,16.6407698373437,1666.4825075340596
4031.370726495057,32.321480125943346,26.541041090931532,1110.9585923775048
8316.47747381024,34.08159670945271,32.8995388875805,1081.7957109147956
1211.51263977916,5.663150395309813,40.30167357401265,2034.181744728303
2885.1326534235614,6.567359211777846,559.7813884947343,1914.5210010079973
1758.3112292097057,49.769778192375966,29.25006672799446,3983.6277360671315
5883.359431621429,2.4505819090866465,10.84051181194599,5103.031938857645
5663.395902067985,1.0614359643090654,33.60686537228798,2074.9362787885375
5724.26039026272,,27.18338334256652,7200.471076304424
3675.488765711121,26.46965286678683,27.58567277344499,5499.883407452316
6907.832706393145,23.876012746311304,41.84602476809619,4206.728070898894
1725.6888544438998,60.83521845413541,35.651043651456575,3665.113812910269
6700.211081408491,36.97873219620499,39.22901563441599,5038.128533317168
6138.792910612846,83.34426853298615,25.597104152604487,6176.532752195527
1495.3702168818184,62.52664266045246,46.222497194252384,5401.471311960211
4975.395056800915,98.81281244377165,22.35955181577742,1421.6312402083063
7158.940882926335,15.491615194087949,36.786038092014195,5794.749637102234
3943.2317396332846,0.6472923402981889,4.639434405434373,0.07192617493418263
8598.097058560877,58.5450470544734,6.781046740251368,4239.97496304474
5229.592457615043,58.91682187616987,16.430029463761603,4648.109346233645
1409.5060467892192,15.889515259113562,7.123946049881264,4211.172512353936
7299.756888140401,48.2085403703194,21.515345184858354,4062.916415174744
4455.707263875533,2.311675353342524,46.51158984898011,7562.14877368025
9654.08195007291,73.93870444802216,38.46446552708988,6274.406628363815
9181.115875153599,92.50170494575927,41.98659201906088,1032.7645841231708
9892.773214041657,,21.40200007960018,1866.8032072285923
1074.6446515223477,60.50011904344659,18.66519743360186,2080.3051939626466
9561.014526161354,73.45568997873407,29.578842666072948,7400.222713214562
9086.851995633957,6.375963473736757,13.21274828143902,4701.073892245133
3854.3278276225915,85.94192959023431,4.232044358371817,7077.734058693347
3548.231100664849,84.15078671758654,12.720993613660442,6277.190736594118
3750.126287084333,50.629714997865584,22.436728106371216,0.4663145101586419
6537.224891510243,43.11235454146619,21.936136095182164,1574.2815889557162
1712.330533045487,19.7255814848294,47.74655367810474,1959.891325302008
9041.8721273289,10.276206383940789,11.12309654397362,3340.095489098031
4632.01194325781,85.67291839298875,3.444390108626272,6533.549360576065
9917.000173853934,1711.1058171534619,45.87523664714801,1231.3259566738204
3383.765654238966,59.51496136613167,48.570509730836356,4092.547775434964
2447.6297625952284,71.41435166010723,6.210442482731687,2797.632355647075
6750.608072915391,60.55559752992789,8.28659403095654,2684.3295394651213
9841.862114530555,1592.9926692098052,36.41093797854512,7104.121549571865
4585.246934368031,47.989173715746546,27.76112806228945,4956.850961949217
4577.8978012875505,10.260386895829543,7.7225034082403,2140.1674799901493
8141.94955052785,4.956289752522713,11.762855713198018,4788.21411040191
2193.165813904827,40.4965936745584,25.261257615147148,2271.66923410419
1270.5654799905224,5.94194717517289,16.714424189454398,6936.925523911025
1049.431383234632,65.2667914855678,30.03442634457738,2871.6872984068877
9597.755744283291,18.222224824229627,48.58043010122384,2093.328718827267
8347.896148054053,27.662895319207692,17.966766662237994,1200.3237456705374
4912.826550208415,5.130905956368725,48.87232651117247,6248.4513179239675
6519.992919870395,62.70798661040804,48.521959222669665,4938.20156736225
4101.806242107521,78.00974271814005,24.45540323029437,1441.559248804668
4066.2655736809843,77.6807474874672,39.52101893476892,3140.8363466861497
4475.894946489059,75.13884183910088,8.660937292981929,1116.647275559646
3306.8457426319906,44.69832166176574,5.925670482267814,7715.668534550715
1178.7196546487482,53.523313714350216,31.290736324291057,7832.483232721168
2610.7175954571517,40.40189190945899,42.48529332777851,4918.134066523088
8134.909534884876,21.86716300225269,16.063683296981,2399.1431138191465
4612.511681430867,0.6975720634004867,29.123986219293315,4305.935695659313
1846.4805518491003,19.978291693556837,21.7837578479374,7848.150448574835
4525.132374156823,32.988353252557026,1.8899554559093035,3348.4201649120682
8480.53615868598,5.910968746418677,8.44658862149809,4366.568754736807
9478.39217477216,83.0647815348969,46.97031393583846,1930.3272438959425
5814.085588317856,75.94922944375375,1.2160201449894825,4804.764917462386
5901.637580550414,10.452826132435234,10.54598366918922,5181.827277924459
8750.008563496316,38.53219386087384,32.86262882600429,7396.396532731115
8569.6986811278,82.07325453444648,13.042214126029888,5832.334715592121
8322.734415421864,2.3262119712244123,13.195272539140856,1072.8446712822524
1945.7015539578697,94.03939216091524,49.064957084387466,2408.5618831916263
1171.232749455415,49.48760017889422,0.8852527925093112,2752.5631110776485
7249.754779404601,86.4058927721069,,2963.117228292137
3320.503916613316,6.6535288742563985,28.432482210316234,7252.584320971162
3043.8562783256666,38.57532216187521,49.81740967041328,1712.6642839634128
7181.354267815733,20.56741890084941,3.595002986978346,2213.2384690917206
5604.045092324132,44.42732504148007,33.58214474211294,6702.119401787985
4746.235757281051,64.02352054217563,19.1405588982074,6855.410543843578
3726.6496408499775,7.619780272332921,33.07820554866952,1686.331823549035
5916.9715282576935,65.40449871990073,8.554603186606762,7963.607295650412
7930.06879109622,68.08188910125538,46.31284168675787,3823.966612908156
2549.1003912573224,87.38553647121427,20.276383551418576,5611.100812988938
9207.140736226876,32.4444097948077,8.406114758669602,1368.1568714006269
3123.7722318311144,0.10189520290183607,42.19599581518496,5375.823467085221
2702.5629019799962,65.96869741027987,17.440629570739947,3538.6475243155965
6745.354592013566,57.783729255335956,49.58161552304933,6882.430048958965
3726.153788082365,13.321289467682274,14.75903111331241,4219.702446578828
6771.354866853326,37.58657677827863,1.0379237753722348,2820.410517763916
2135.209942234174,88.30518359895886,12.961651052396583,2750.2032622493675
1328.6418332967971,89.51346146689633,26.868129636367975,7324.764081637457
7214.562889972026,48.997419706463496,48.564529332673686,1165.7598691928379
6576.965402301701,22.739838313406302,22.2099854822201,4087.4629630677173
6586.471341044089,90.74462238209752,35.02482414978488,4556.349737627179
6061.230668904533,62.05426775720062,16.83964996262768,3091.4711391631417
1218.9553407187448,47.45305462377867,31.321113219221964,5261.891990134801
2907.6888993116163,1.489539406116902,19.43409767883034,2504.3988989928275
1152.2638131295985,28.581118933501624,21.108729180588824,2858.9386086405184
4875.970207588196,32.712862202130985,7.534344745242078,7790.738146723504
6629.844713128565,67.03167936203526,16.430608323935786,1214.9791149910632
6448.090383991297,26.3594440331688,45.072058942552964,4691.114034340937
5528.864690690314,27.609623605055987,35.00690729835408,6878.743928910283
6751.641909093243,55.012190169245216,25.23895307739064,4449.837272158651
6749.63718266832,95.98982838676922,12.231363366244485,7822.840089728459
6084.204665254722,83.68973161665903,48.941831767555136,4.940525275855725
8663.083484992017,39.961722656885115,44.46900958115915,3221.58669738992
3871.45386844479,1.8212551293627754,20.666374748564404,2623.2935261758835
6633.570062431228,34.55995315142692,1.564589123881427,5215.67841568349
8210.65461034149,83.40151083641494,18.279630106706247,4931.17763583154
3635.7213706110206,24.603041549654424,38.157921037226124,6931.017971354342
9715.8917972737,20.907078495783328,24.547186881020494,1266.5551570088398
8189.080150530963,66.23443353263153,24.341510523742055,2681.9548558234333
2847.290494723349,72.90727680243798,36.1293231369123,0.9605564480062545
1424.9849934436788,52.123420733916085,36.13673062775336,5375.972447953706
5349.106330889693,33.8826469552513,5.29224176645085,1.3165882189109723
1562.4713314158585,16.662267162709988,14.245418694537198,7356.468365128515
4010.451766638681,85.46410620748173,6.031767951540323,4391.289128915487
8921.43871311539,82.15203171190328,48.481207000958754,2040.968873822065
7059.437405845763,31.287255695907888,45.30936643607141,1914.5552626233548
5588.1366281135915,51.87417664418824,40.585988907576656,3317.3324843276923
5604.181843744601,78.14193971936568,48.331063181940614,5733.9054573239
2924.046950427516,33.75337038105207,47.46096292797153,5127.24923494281
1431.3886014458828,52.658467316066336,38.9824985585675,5011.006764503394
4247.582271762248,42.78482186147069,11.735695699452942,7101.361198734822
8043.673365416292,14.512217632505076,37.42369452303779,3403.7349386461765
1517.6436223968162,75.81236774206427,39.66644555641315,2889.468862389445
9216.135859073393,39.00980872004226,15.753771408330032,4642.741069968902
9694.906115587431,0.9802031669279176,7.051057557944718,7307.038177163149
2696.8600129010415,72.43336713854609,20.420799204933687,5546.305259410333
1227.2133958363208,57.17507352644182,39.72416759473142,5984.684709799865
8814.262592312392,31.587161183328593,47.66424541983695,2985.020089747327
3.4764750671002806,82.68328462419689,30.944351987419633,2007.7987910219035
2337.5920488302745,68.39887257342554,4.8137459038456125,6511.18722255832
6509.336388586132,23.622714332455196,31.045572643467555,2417.8231575583886
6961.825619695772,82.72560611737795,459.27673703724275,3483.60782331931
3743.9421421782904,27.39604409968178,27.259271690519377,7290.397510703735
2877.851904234638,18.74927890862891,19.077588460400147,6639.9860071825615
8374.2847575684,76.35414418773797,17.113704866467007,1881.8044839976633
7272.415579030443,73.93447803293438,9.27015698761416,4536.022599932658
2593.134608307248,85.67417768178159,6.216797443468086,5029.13185241323
5361.9234162364455,24.43163479978128,49.040143544607176,6764.453252284296
6398.936292317742,1099.4987979672524,17.24592000436197,7614.155265980549
7390.13052841004,73.5848772737847,4.350454996481318,7764.928913271452
9811.31510552315,10.539463683115603,2.1008624247241094,1917.809238551793
3829.093667185876,79.27575977037341,22.914348211815046,4021.0593856157093
6021.474806713627,7.351726826128447,26.66699006036054,1438.517245603678
5928.137167381759,0.7395663513028228,26.99428102696401,3435.5602523615685
3315.9053258807985,40.640850958473806,15.525840218500486,4622.5509130948885
8520.19622599244,60.21572373053773,49.47164262531532,7552.449861444657
6875.217483353696,62.14611329340738,2.4315962640669095,5979.104986116291
8290.39376016472,65.72489884477662,16.187659788459285,5867.805605699844
3161.9998177154057,30.334689460239904,25.77501720537177,4661.549992628537
2889.5306960136077,28.155253273706116,49.72892692696669,3225.929051332404
7208.586652498437,74.09985302823175,42.63785826006803,6557.383314139815
9863.573627264763,77.68291106046777,23.351574450162527,4458.252839595227
7844.487710737542,69.65985071444416,28.045799923058397,7926.757604553745
6072.781064875161,15.331485142727018,,1005.2273175887307
6980.99209226597,98.54284072830254,39.20740053943241,3.6269990865861668
9466.234478548113,94.02851862116519,49.614330668991144,4249.53399709315
6063.682181513062,2.1764316742820533,14.583956515796071,5777.939401670746
,45.17069188788588,47.50964789601175,3770.2998745797686
9098.067941073523,19.228957899863396,38.65315203874284,4641.350992024059
3249.4540579226914,37.50080683384839,9.969864992082671,7330.012741898123
7402.877126102646,36.99611513692589,12.18331326545159,7884.032667385222
4102.591966982927,29.739474377763763,28.868876621788576,7388.028423205598
4948.200054701119,70.04802538961042,42.953973828139134,
5703.051452485833,65.65447898486478,45.723214097802654,3.1454820286377094
8130.215569899804,,36.85115686771584,4352.42760513121
3211.3434775826404,33.09208915344368,21.999483710529415,5.970982448379277
6413.824709791659,73.32944401638689,24.457705096852393,6583.5308193538685
1288.745629760381,84.74705084311105,2.295729927696777,2232.151514247697
1541.7733522515764,40.35095148570035,36.285608918867084,2382.480283804398
5286.804486290589,,1.1359743510206133,6184.4187196073235
5.63559519930446,56.995631933587696,23.099357538355253,5630.608797554362
7908.137876810412,68.0703939496568,42.51433723621472,4546.28952882188
3156.6241629109177,71.7879641100767,48.86974883182579,4455.379686127593
9705.684822573117,86.52369139889996,32.215082449088925,2775.782292580966
1392.3764328809566,49.16081157566574,47.350960690403596,3284.5712855608986
6661.530001514498,25.639966554384408,1.0175393370055241,1315.4405029760626
8979.301615986155,30.20404688913032,6.697261220708672,4538.160697673091
3754.8720904636093,42.537394778433026,20.402297758634397,2451.849344082825
8366.626511207909,6.122037644491341,49.611011047940124,3927.3921243981117
6000.1805089836835,26.422424683909295,26.502581107361344,4202.556428265461
4060.13870679039,67.72440463010632,15.17273940996034,7569.74348365402
7997.07522896269,49.69475249298656,40.35306959547305,2405.112540491721
7442.268218324548,9.258768347329461,31.657050524218267,3.6166743325693282
2143.0968232435416,73.1966373055241,38.51812970303603,2836.435254816435
5294.332306750481,6.887103301255026,578.115640985465,5141.761815139192
5097.259534665598,74.38308364807365,12.514714858417364,7173.816039403939
2165.216392749967,5.386792989176669,618.3167964155729,4831.2141585123245
8568.857495637716,14.543884445548027,42.54883717821886,5824.395835856035
7073.739517117438,10.887568861279174,15.155656380519133,7344.308417528921
4296.935743279552,77.03407421037625,26.187328291583782,3223.6893022171093
9343.507561453729,82.74581395039007,20.36966921594941,4483.299572477104
8516.888920075591,94.36504215695258,6.8743604110615255,1627.3044565763066
4472.034833189369,22.754179035821487,10.710589897707006,1710.300610669411
4221.180226781703,63.76511651511794,0.9848037014062283,5586.401847923538
6994.090690457283,18.68600022144735,7.938511810494847,1835.1868703941684
3821.6482166757496,8.463414000297053,33.36150309916416,4817.926237531595
6830.784330119727,2.860414005865708,48.078250404641814,5065.530368496067
4301.485155101009,23.943932448115458,25.649622910292898,7768.373861184292
6386.4121788061075,93.44770714035168,47.995600747184454,2548.2492621766337
8752.28899648141,6.946150170986254,14.302264230849188,5379.223529572817
1431.5382590332576,86.71673155229381,31.00811499746158,0.9088877085704195
4309.2407576194655,59.087144491757385,12.385660637483436,7093.282797114785
2320.1842951739,24.094985851859676,47.13609777820224,7513.206183594099
6371.434215925639,21.09285959284678,5.540197609709946,5396.05886823788
6869.058485381727,73.04665076307104,2.701550125726271,7195.181194721318
6653.97188555787,35.4809542030137,1.2176411364350492,5815.820967369908
9633.193755390064,24.62071991174487,27.993983542041278,2410.985640104559
9707.050020571489,58.20579920728194,37.00601946208002,2123.854663170617
1305.0885831734192,38.77343590922456,10.141549501314811,4479.129474799209
4314.233083978749,12.327634451056568,37.0504601034542,3569.1211744319708
3015.67745030694,91.93615128206235,1.4985279950330888,1895.3610405465565
8.394424108413926,42.0468132669354,17.2013666912137,6535.520161046469
4215.018824069581,4.209270855250413,0.5055656080252935,6848.402126217658
4955.282687564644,27.710427259769467,11.633184126036312,3521.651597049266
4565.589185325076,37.40719333215775,35.69371732473685,5903.731797627603
2659.977058988422,57.79571415165472,46.44078669479081,4198.745500673427
7900.741893192137,24.006631025963966,45.01477317243429,6295.04054781511
8087.186812137622,5.103251377399487,16.41432605474134,6922.954430873236
9834.548257256367,93.37385451259162,,6474.690903053931
3158.544298018147,1575.810716093939,47.26973327018545,5233.204224357265
4787.834967511434,31.215711812425774,42.89030793646481,1789.1665189914563
4015.3148243494475,79.52072626634019,46.10417019676235,6423.866099823226
8151.508658478605,95.2715856568314,23.10705076046331,4094.925285841678
9756.908519125722,23.67844649939571,25.251896307118045,3938.6080030137737
3423.7726278496693,47.10965242980249,18.854606984175504,7301.9353011572
4894.0301094480055,87.74241471162941,23.84686600899147,3800.9020499396715
5737.2644698384265,3.518134435322595,47.24206663423406,1771.844457946761
6535.936931616171,76.08587614662828,5.886257122129757,2480.2217421796313
1878.6430201721141,97.74821910786046,48.98317862814997,5120.646940348281
9812.975951865674,28.847779526426145,21.513147810738243,6638.274971868305
9909.989367712718,6.198020471630095,36.04041689634253,4112.03175192898
2117.998664239377,59.443133247251936,35.010624032940875,5602.827789354293
3208.915178142866,15.439904846143405,49.66292617002387,1176.8144698026947
4009.9577311315065,74.2792555219313,8.555728712206657,4503.868577911551
1494.4955161697292,34.31084181807946,29.64435691888171,6610.212219206135
1854.0292471016546,39.32025691947152,37.72006456397079,4526.790256591116
1120.2098786987342,35.870049297068654,44.35207782385846,3337.752457975694
6647.820344391581,46.274803315442234,41.742241652602544,3702.748394114666
3398.5525996902093,73.12306749743335,40.7718770248492,4922.806711209887
5928.326560196712,78.561218095305,17.641418278104183,5356.385857426851
5671.4192275362475,57.46972260661759,3.5824229514396846,3796.6455777365454
7365.803072150627,8.618131776947102,26.410877278263982,1088.5008575991556
2669.9133263744206,82.69222705811977,2.97111718978208,1853.1688777917457
9752.465190727009,50.86455392242264,36.998554612555665,4194.631580662541
7909.8749500723525,93.12684453631974,23.49934224960189,2204.7234292979015
4043.863651654328,47.42899194626106,0.1540745579145908,3196.0512489021185
4145.308673349369,4.636821261675561,4.1406234861146975,4468.677797782573
7008.614766094364,81.86729246457897,35.829679513386566,5845.21400497067
1182.3537691026536,72.54216940009302,45.81178936250279,6052.316131705672
1906.8768136322124,96.74350836730639,47.94582485784574,6692.196634137732
3280.6623507718323,98.49779997047344,14.680784178866373,3601.3033837375056
5031.2606827974905,48.63153095502229,26.82727040919477,4860.106277541741
,28.586298698475154,1.5595332771350834,2251.5245274661106
7295.731758872139,33.1943560473913,47.75707143727047,3787.7239770234623
4166.106425643622,92.2126456041521,33.19925567082362,3102.4823889563995
3770.812193644044,73.69506353544477,15.022457989985288,2429.7152474153836
1833.4585944029918,66.90534747150923,18.176215495157543,7888.399179175961
2615.8756613681517,89.84603247337222,44.79061267116931,5951.589221811663
4083.2617450137295,75.80310856806778,49.33779299704977,1695.9908583064378
3855.603898355446,69.26010952453038,42.780010907625964,4044.650734603623
3882.741369979895,61.61177483314064,44.19110138659341,1693.858837500704
9683.974410408067,77.64986696022139,23.546459191218,7016.81114721996
2826.1999135104406,44.95647445979421,36.84820267947095,1305.992916912046
3047.6620715556073,52.23445313175645,42.776928302014866,5103.01273964146
1304.1342763995456,66.6628166331368,25.77652700801255,1909.2216184958097
5.128339321076959,32.56827895022256,45.162832443398656,4218.223541835014
7924.114161093823,14.144782229523134,37.071931833965444,6086.692080773076
2985.6603446637873,63.869704534191854,7.112025939178429,3740.9976428311966
7705.143919375258,67.4784689269634,2.6660277012208686,7917.348479751513
6791.340461058503,47.76088819087071,43.223333223671304,5472.605590841504
2649.6066941357494,,21.04708507452253,1566.753196868785
8050.831184355009,95.50417618843187,3.6152465826970905,4172.00496543185
3593.75096017142,55.533816451456275,18.2653036784399,5040.985708622331
8108.884069753461,18.240685639800304,46.20204096059785,6240.20790419709
5451.366555828148,90.82102727738875,35.09230627051377,4153.564633020847
6764.89427661831,4.209214530324346,25.204750208633588,6480.0671172354805
7578.5858128413,18.937744153044523,20.26384927344639,3769.7505772081463
6509.104393483943,41.85746803308291,14.374861580235127,5220.674955799268
7.669410322432514,91.1298384135925,5.4257182251290335,2253.8392926039323
4310.395516093751,30.707541065057452,17.95695573327253,7701.014655724431
1801.5505945130813,31.829345815575792,14.75258117905942,2866.751007784861
6009.7808134257675,80.5332930894703,38.50992080098097,4137.3779558625265
2193.7504425706666,60.52913757576427,16.86601227112319,6230.939452650192
7055.764612103827,83.14060881797282,48.19744858772775,1212.0159182600205
3418.206463528501,33.27812914417938,45.01812680249498,2417.0465873628746
6963.545744426654,73.5510692335399,0.9018642055757586,1745.861682112386
3283.3321253299896,46.57994873510623,,3312.456027928683
7066.963325347156,0.1067198282306947,32.70058943769922,3895.5733314333643
2334.8542657683533,,9.634816643048733,5114.073458748986
4989.965682356418,59.230317892002724,4.069623369784309,7305.671811555327
6023.798753316889,58.102894836565056,48.2160699174721,3452.1032431582453
6686.689391571796,3.6273747225244457,40.81094612178756,6919.507811024658
8179.471328203238,6.252450577904511,23.217094996473897,4879.460474171174
5200.135600222275,89.42203148379586,48.58703703782935,7618.687549082096
3501.050607990614,53.81030860244377,0.05398638564440006,1103.7229442132034
7694.049859453694,12.04405498061407,15.236868590508124,7750.719383295111
4729.904796017889,73.9036503228674,11.214553322124715,4324.240168147282
2215.9739759590257,39.798147750039256,32.341473110687716,1858.164304427965
1751.7912670070773,69.46813707642161,42.06411707872669,4985.45254098413
8575.090403016413,56.55985952221116,49.74451390718417,6339.953481358037
5833.623598672141,54.688546015830575,12.562419705904643,4346.148671871938
4740.583330942346,53.57655871229511,8.541876585741942,5807.732578871869
1138.5766188719322,84.76538005450763,22.658111874798532,7524.353837262826
5962.420080817902,85.36461198944089,5.866533142365982,1055.3566931932967
5368.884777640371,75.96222382552712,30.03864601375058,2679.861495231781
2142.7764407190516,52.654402021473636,25.48682348799961,6591.209034870361
1179.5833371468202,67.38559182198908,26.928551221026588,5784.48888344032
6282.171716655465,2.268595803695017,11.635714729978902,1147.5530482468998
8517.88323740782,32.52019397665045,24.82251474289907,2803.171081663867
9628.594612947245,1126.5452315256664,16.882590757657027,5399.727957832698
9761.619533176741,33.65128941825386,27.69317068003297,1585.7719315410907
7131.862992369283,26.108587886422708,37.581364875844734,2952.1002526676084
7109.096005909374,75.38534159359125,38.51436156222376,2062.8679666211906
9726.654902613016,12.145022106112357,22.17434081191227,3929.6146537857458
3442.2897515219665,64.78758858248324,49.12598861496546,2734.8036012486864
6791.301405198099,20.93900779610507,11.037141345438068,5223.941507476098
3382.5962186296547,7.395338511603544,11.259418474864919,2535.1400500248037
4481.81134577852,20.910421731857664,44.05367500900479,3255.1197881486896
1592.3053924331275,28.76429299546226,30.218614184493415,7108.279900960674
4508.513412966334,87.81009574965645,5.145062074889989,3736.017281792198
4780.125620087039,11.953773695137471,19.911880204802866,6305.428836484159
9655.535374949533,96.4048214695399,27.514093145503494,6097.325370366983
1786.9475572326432,95.43199760138958,7.069048192208443,4402.357151031007
4545.565398911295,60.31096311937058,37.1240041320008,6176.731680286531
3841.928015199328,95.8358702617526,30.53640745841708,1039.4497388040604
5482.749850270338,70.73583098230188,16.450747925356918,2866.056347844871
4671.030413226408,10.186238842926743,2.704047314006525,4973.39329203984
1200.6023862440636,17.346690230512042,19.331620626785224,2290.680917637823
8121.502058324042,99.66068128918437,1.210723540421288,2612.0488463356533
3757.468255570497,46.355907410243624,6.283138293799934,3.6959316633675665
8783.642499779984,88.63452710441592,14.071912445219969,3597.802237487251
3443.097824262643,5.064648712011222,472.7258272601613,1686.3928585370672
3546.622029165074,16.72091049752893,21.05086814228936,3806.360088826472
8366.531751091974,67.35828914662363,17.244230370095703,7778.350944146719
2832.1649796587667,97.4248387860313,24.814505335301636,3741.8617902369556
9638.249371133257,65.37464616271245,37.81524054366775,6516.941036573949
5190.570023555701,22.947824557402807,18.080603827225705,6936.269832715716
9117.242777338386,71.62221613932158,18.731766287568476,1106.6990181734486
4856.039117311214,97.52088593345871,6.703563183238314,7110.283943367758
8408.765814839397,57.06240790146189,41.840955112903906,5285.913890839494
6258.1204406016695,62.16128893708939,15.229904124393412,6898.95216401184
8201.8702643762,49.90629037038546,3.91560557319674,1092.4974925983688
9629.13915744516,4.650318958995392,32.543289665658435,4370.500613413673
8694.73498952658,65.92950890776325,18.40137552807387,7539.76346043055
6842.154668825133,65.30363154316044,26.777083341170677,6765.99235671773
8719.197249261157,87.62580746321437,15.528036103412962,7690.256670051564
4721.9055598021205,24.842208381647435,35.556570932130306,6347.695836175449
7116.05644298269,74.19448788467814,2.6916793499907,5453.142860736787
8668.299612620012,82.05126261041337,48.505823470585355,3639.902238568242
1263.0929887903471,77.77291610397316,45.718003981634354,2806.353250783014
8908.386107952592,45.46647036295709,17.543534353649232,6900.3349848714715
9196.676586608772,49.03700916690196,29.59963493116729,5251.154335112835
5292.165505428223,32.330041245533806,11.244359213903532,7950.5540875739125
7013.470778846569,30.52851636791236,12.902991354043975,5883.284503546687
5799.421031198186,24.412202233548097,47.982230455417216,2673.1146770535884
1973.2611031034457,14.45193520478889,13.324299130083961,6703.689177236186
1695.3455784845842,75.6349278122692,16.009459311175185,1733.7115210389106
3229.714923411991,37.042281777257315,35.06862342515425,6279.046049937018
8313.268080951408,,5.105376525902283,4429.316873668959
9175.79651564384,97.7801561867411,10.717330800047753,5410.271665510906
6.981778255606405,10.271105295919646,17.605462582040605,6949.10415320768
8539.874647457784,85.8557575651661,10.50155056766604,6583.05722674427
2286.7718580736487,16.38093445272898,1.9074207337798577,2945.980905342599
9850.780407551933,66.47551077908136,7.022922970465656,6671.370107059892
2395.713769252245,15.265674323821143,36.99339186750443,2562.9328694065525
1167.6752950466935,71.52184387712565,11.437359546053077,5649.447275289954
4986.817458043525,82.07766650838387,41.01370400648081,3793.2534519699307
1428.204804470246,92.1606341254579,45.749121228118774,4099.551316209139
9.101553112285515,96.25626085222515,41.78019752266437,4186.175035167881
9687.890852198216,45.75466835241054,38.90721854127737,3062.141703972708
7206.585504033567,98.89254301067065,16.655680533526716,2050.2801645790296
5435.340701313151,38.287545587043844,44.08678334642581,6009.496615223287
9505.59454525878,33.7638683705882,43.203256657924655,3779.668206182702
4219.104333787035,82.94402579935407,42.51431627923381,3462.2048464335085
4624.28900192423,42.0647848914189,5.230842477667569,2833.6351003430354
6227.109301798568,88.3582356756245,29.390296473047062,5548.415271977257
7106.855399212605,51.283685155727795,45.04666297186483,4294.96678946104
5383.979509703109,47.69342939138759,26.522671298795057,2159.5679475855595
8952.022831653328,96.23221109676426,24.31400995404978,1256.8885186400198
5959.218904561288,9.17407803436383,11.657769395449302,6186.492488136954
5252.634305041664,30.435370220104208,21.660665191437324,3145.1321959809534
4928.179213310756,72.23757110505633,45.007001814108065,5931.456559949962
9700.76827468047,99.3631675094436,14.530605430191562,6678.23761835872
9573.762558053513,41.38321183207726,43.40066452805216,5737.950547056455
5554.230055668251,61.61186164336395,31.861254616936147,6740.763060271431
3469.192582651529,88.38495962526494,8.91073547095045,7001.800487376032
3.985996122349663,11.984747668133744,14.610486392867179,6878.837241921401
5371.713904635077,25.64671775181051,25.0280664777211,1946.8186541350183
6703.8226307017185,30.998674038802932,5.1459911646462295,2382.9536645501594
9122.524757273528,95.56221855921807,25.108605364897805,6449.314978448235
9445.883696531328,74.76269878385231,11.049457091774961,5025.562346357674
6052.801179463098,50.180289259464786,1.033513403807651,6265.813753761697
9241.811691444524,58.36438209962878,24.956475524215232,7538.111817160393
4138.20693645501,5.8391629584609195,2.4910237020495773,4010.55751195619
6252.456279830186,75.43811259892746,15.54253267834252,5551.7788052022925
1654.51487896287,26.74490588727846,46.179412468175926,1244.1561022579688
2940.642195997765,59.69151832250049,42.10895639401196,7113.568832669396
8683.041256531531,5.505631843681336,1.6426011925886885,5490.818749631682
8085.995529903711,0.8409233205034394,27.044276233019186,1181.1677707790354
9501.312133065967,57.39533428249564,21.03698367687383,1100.6103527500397
3768.17845124295,36.621657647620964,9.529835856027201,1785.8236307706834
3809.147485099939,7.146155924009401,38.0352277997101,4407.316579418682
9719.200202666621,18.92377573563424,35.46478572239341,6650.856911318186
9557.439081485207,90.82031822003422,37.93963219519518,1227.5374809082602
9036.130194255642,71.21458356773572,8.42125593208537,6352.57963823696
4478.590012557257,98.05293478115848,47.53991476507465,3740.5999499247296
7169.57502282841,21.29502233477333,37.00939408819009,2663.4838124227044
5718.010399858774,5.852704175060552,1.6797856186806959,6666.917416633094
8705.551227443466,99.10480062588127,26.932742431249245,5677.166423046809
1944.447632225171,26.939324437972456,8.424687794503438,1118.3837941836784
6080.195909490384,12.752251157103512,42.03731952930129,1779.4235727965365
4461.297596650347,56.952057358131434,20.214411591458997,6103.046359086881
4291.365763320631,80.78491680447722,27.31216153915262,2909.259159002015
9192.00439629404,48.32578260525461,9.570223024291113,3943.6179565469065
6301.2410834069215,79.26778326611105,12.506318108834492,4417.00849439537
1141.9055389055475,80.19087445176166,48.5833227199427,6003.489476427719
1226.315038773968,14.80253077339546,13.74787144458911,6203.625622940779
2992.430933218274,57.285082151563714,45.55492321093579,5984.093434398088
3.9475710597029954,63.214519173913295,12.140224014387002,2087.080558169998
1201.6956484283814,91.136579719531,33.682678745696435,7762.860359460119
2501.9051349298784,81.6682014216464,,4702.527255093453
9558.91333625725,71.63863471036203,48.02782450182663,6718.356051670546
3779.969700829683,34.04432556042853,32.208228649592805,2888.695557120848
1336.3750242645337,90.95344890323267,17.65993327670771,4846.9439256640235
3679.2215402681672,32.283275430812765,21.01033100638562,4.708329253069925
3676.418553824883,20.280311581973166,,5357.519823627155
7492.651691723229,50.55291309601871,12.43768210689369,4650.502100334676
8047.334337076358,55.06996273519857,11.54981205792986,5683.640059000039
2602.6712619084756,8.007316738660341,12.259891146721486,5905.464734796722
7505.981495868091,78.47616910801224,2.7378562140125187,2410.8456472995786
2262.9159927602495,58.997139357128646,13.84827108116019,4783.561665441579
7632.24397933163,46.279855000615065,10.01693081649072,7454.514929865593
8919.62735767908,21.633215021297612,6.6444216832403535,6277.8307508347425
6839.3639469462105,78.45467545417038,45.06424188821968,1105.4253649668435
4430.202751767532,15.916235455985817,15.468043087797895,7521.745399164553
1773.1735550847507,75.44942746837523,,2271.7506832951153
8026.59640911278,8.800380341255787,27.304963630337753,1545.0495394312393
6066.501357466141,32.89138755667127,564.2520393831954,7354.585494466212
1790.2489615806476,27.407595788541716,22.26843506020445,7879.986508634893
5712.019928426907,45.079809267507386,36.43260160067731,5433.722470710993
6273.963568998767,84.91937575881556,43.573878871807246,6735.099176346747
2766.4348918603373,82.83114000941306,14.035925642690595,7130.352627026321
4637.700068882582,92.06872641951865,31.30028103145807,3026.905719665988
2898.0826385023684,89.03802009499069,43.97373445264889,3293.039365020827
4501.758361113701,43.22211167757415,26.944399440196758,6373.596509183632
7975.998219887966,60.67095028235928,34.30108670633989,2676.6758879846716
6336.949830934163,17.063978146668866,28.767673265403214,4027.7996891614894
5906.037405904577,32.280775118285135,20.491830227271784,2811.6917439433796
2086.6779437960367,23.015845215734043,13.6412377896735,3508.00851329554
6476.724764972086,74.05103041127232,34.51569019044532,2363.0461486632094
9705.737255340851,51.05947481223886,21.035352446699846,5779.602706146575
1575.1213570717418,3.4102697719399444,49.58460985177551,7333.548088859624
2807.1903010441592,,12.656454681202717,6074.318317806293
2397.639843100258,41.97631080308866,42.422848022047,3417.5304796564783
5238.2275556061695,3.7222669943397624,33.08904512642234,3882.9799529601346
8606.824279216195,55.97405119673313,15.472160446071182,4877.062285642157
6478.774427900705,96.19269635491311,20.34481783605387,4718.686175275172
6848.817206754897,50.22814681260625,9.856875710141871,4660.017258817683
8963.651898332952,99.16501206388595,33.81369295110624,5884.120835189179
4349.978888615095,8.87350559704947,13.415769043890085,3264.823075755366
8473.990562606416,7.533692740162157,18.3405503566711,4534.772871503711
8162.194400018664,73.02941586814994,12.390398299987721,1948.6623602665486
6832.273849413306,38.1879235106356,26.196895023543025,2561.8718438849305
5510.219921701719,83.58188726490467,3.094745917105773,1264.2872505343064
1500.7920169996528,71.03517950518373,35.557709789540574,7424.6589716540875
6968.738230384144,88.07768689080274,25.642655443187103,1487.2008952456326
6654.203214484257,80.76622112886288,7.534486568563725,6819.719492136164
2410.182863389875,61.439921820175634,46.6066588380636,2890.1607894473796
2947.2271898697672,87.45289419895785,32.69296530270693,1260.8901477533145
7769.870796516644,25.826463801861554,18.9490455009245,4694.458179924057
4519.788769109042,80.016509547231,18.016465875364464,4129.760510901586
8623.047509091044,81.12038327523487,38.99792821648484,7173.635950276574
9367.305774286177,94.09146510790511,20.38437998097779,3912.839262167891
7126.353631381851,18.236654188315505,11.728060292070014,7736.46989758754
9862.896081877208,18.54630844608436,15.277961786222882,7491.590188594182
2677.1250910911176,4.203489949300076,16.49170237753218,5808.506622946908
8870.815058899025,66.66671587126892,23.230645096486313,3862.0835260219433
6326.84851101502,0.21820682184908735,11.525751901509285,4893.174958614876
4700.6947140268385,15.794023066636697,22.986930995992296,2279.7444657751744
2022.179734121013,47.46718051167227,45.00137601826176,4552.05087701908
9165.210112660563,54.88468948069034,2.190872261860055,2302.954096675841
4602.928700928847,15.140913418287404,30.77484108081937,5272.114992354208
3289.657587469577,0.22752954536217063,18.718287559767578,6881.255349993783
